ward_id,ward_name,circle,zone,area_sq_m,latitude,longitude,population,population_density,elderly_percentage,outdoor_worker_density,healthcare_access,informal_settlement_percentage,temperature,relative_humidity,wet_bulb_temperature,wind_speed,solar_radiation,dew_point,pressure,cloud_cover,land_surface_temperature,heat_index,estimated_wbgt,vulnerability_score,risk_score,risk_level,data_type,weather_timestamp,vulnerability_level
127,127-RANGAREDDY NAGAR,25-QUTUBULLAPUR,KUKATPALLY ZONE,2590280.1048444114,17.48964944292188,78.43893399926219,23979,9257.3,10.0,26.73,75.47,12.09,26.36,53.1,23.08,5.01,558.25,16.98,993.99,57.5,27.36,26.36,21.98,21.3,25.09,MODERATE,SYNTHETIC_PROTOTYPE,2026-09-14 14:00,LOW
119,119-OLD BOWENPALLY,24-KUKATPALLY,KUKATPALLY ZONE,3021889.459824037,17.478958926197713,78.48526179486917,69855,23116.33,12.05,39.42,76.91,24.97,29.07,67.09,26.77,3.44,576.72,22.49,996.88,34.73,37.25,29.09,25.13,33.01,46.48,MODERATE,SYNTHETIC_PROTOTYPE,2026-09-14 14:00,MODERATE
145,145-SEETHAPHALMANDI,29-SECUNDERABAD,SECUNDERABAD ZONE,1081904.2941745718,17.42425087883994,78.51527961575475,61856,57173.26,13.69,51.88,72.7,19.85,29.17,58.31,26.25,5.13,363.75,20.83,987.57,0.0,34.92,29.17,24.57,39.26,41.05,MODERATE,SYNTHETIC_PROTOTYPE,2026-09-14 14:00,MODERATE
146,146-BOUDHA NAGAR,29-SECUNDERABAD,SECUNDERABAD ZONE,838298.0880336708,17.41624731138222,78.51495100706592,47404,56547.9,10.42,24.79,43.98,18.96,30.6,60.79,27.85,4.57,452.52,22.75,1000.95,31.18,37.75,30.6,26.07,34.5,46.37,MODERATE,SYNTHETIC_PROTOTYPE,2026-09-14 14:00,MODERATE
147,147-BANSILALPET,30-BEGUMPET,SECUNDERABAD ZONE,2095399.618771283,17.426369947282694,78.50174643366857,47012,22435.82,13.1,25.84,28.73,20.09,33.23,58.14,30.3,2.15,473.66,24.85,991.2,31.74,35.79,33.56,28.33,41.3,58.4,HIGH,SYNTHETIC_PROTOTYPE,2026-09-14 14:00,MODERATE
144,144-METTUGUDA,29-SECUNDERABAD,SECUNDERABAD ZONE,3349306.549168954,17.43252709694544,78.52227539791869,75526,22549.74,9.18,10.0,68.92,24.44,30.51,61.37,27.81,6.16,1000.0,22.78,992.2,76.92,33.85,30.51,26.57,22.48,46.83,MODERATE,SYNTHETIC_PROTOTYPE,2026-09-14 14:00,LOW
148,148-RAMGOPALPET,30-BEGUMPET,SECUNDERABAD ZONE,1662033.745731001,17.433542054883947,78.48844029718686,23758,14294.54,10.23,32.72,59.98,9.9,28.94,62.25,26.3,3.25,926.3,21.39,994.89,5.86,34.23,28.94,25.12,26.98,45.08,MODERATE,SYNTHETIC_PROTOTYPE,2026-09-14 14:00,MODERATE
150,150-MONDA  MARKET,30-BEGUMPET,SECUNDERABAD ZONE,2553843.252952385,17.44061991281695,78.5037217961666,64723,25343.37,10.16,20.13,75.81,30.48,30.89,38.63,26.59,1.52,550.0,18.61,987.19,27.19,35.85,30.89,25.34,27.43,38.97,MODERATE,SYNTHETIC_PROTOTYPE,2026-09-14 14:00,MODERATE
136,136-NEREDMET,28-MALKAJGIRI,SECUNDERABAD ZONE,1047119.2300414928,17.578886180733562,78.56746324325543,31498,30080.62,7.31,27.59,79.93,29.95,33.1,64.67,30.62,2.43,558.19,26.03,996.14,69.12,38.66,33.66,28.62,25.16,57.39,HIGH,SYNTHETIC_PROTOTYPE,2026-09-14 14:00,MODERATE
141,141-GOUTHAM NAGAR,28-MALKAJGIRI,SECUNDERABAD ZONE,2047754.6421614287,17.44956399573911,78.52889190960495,24309,11871.05,13.2,22.72,70.35,26.62,29.05,48.18,25.42,2.47,424.64,18.68,999.84,44.0,36.22,29.05,24.03,31.27,36.05,MODERATE,SYNTHETIC_PROTOTYPE,2026-09-14 14:00,MODERATE
140,140-MALKAJGIRI,28-MALKAJGIRI,SECUNDERABAD ZONE,2239355.805985993,17.461279418933067,78.53691644739463,53274,23789.88,9.86,33.68,80.92,28.68,29.18,43.58,25.23,4.08,295.62,17.89,996.46,46.27,30.65,29.18,23.79,29.05,31.3,MODERATE,SYNTHETIC_PROTOTYPE,2026-09-14 14:00,MODERATE
139,139-EAST ANAND BAGH,28-MALKAJGIRI,SECUNDERABAD ZONE,4423331.975810948,17.450213974109126,78.54951157287715,83366,18846.88,11.54,10.39,71.9,25.56,32.12,57.42,29.14,3.59,600.13,23.6,987.06,37.29,39.06,32.12,27.42,24.91,50.43,HIGH,SYNTHETIC_PROTOTYPE,2026-09-14 14:00,LOW
142,142-ADDAGUTTA,29-SECUNDERABAD,SECUNDERABAD ZONE,2023313.6503470105,17.43984883719442,78.52135409590643,67295,33259.8,13.18,14.46,77.01,46.42,30.56,58.84,27.68,3.49,450.37,22.32,994.38,41.6,35.57,30.56,25.93,35.72,46.79,MODERATE,SYNTHETIC_PROTOTYPE,2026-09-14 14:00,MODERATE
137,137-VINAYAK NAGAR,28-MALKAJGIRI,SECUNDERABAD ZONE,2196567.7757780664,17.470616529528634,78.54323145592058,68996,31410.82,13.06,64.81,56.02,20.95,32.29,51.06,28.87,4.93,605.58,22.51,998.71,50.55,36.89,32.29,27.27,46.47,53.2,HIGH,SYNTHETIC_PROTOTYPE,2026-09-14 14:00,MODERATE
134,134-ALWAL,27-ALWAL,KUKATPALLY ZONE,3325084.180507289,17.501413726523257,78.50359535416924,66070,19870.17,13.83,16.98,64.95,18.32,30.97,66.31,28.61,4.51,347.97,24.23,985.61,18.81,33.03,30.97,26.57,28.71,48.65,MODERATE,SYNTHETIC_PROTOTYPE,2026-09-14 14:00,MODERATE
132,132-JEEDIMETLA,25-QUTUBULLAPUR,KUKATPALLY ZONE,8935317.452267768,17.5138277325321,78.47583150978734,70666,7908.62,11.16,19.65,71.35,12.96,32.4,44.58,28.52,4.47,490.46,21.32,989.63,52.56,38.41,32.4,26.94,21.94,43.17,MODERATE,SYNTHETIC_PROTOTYPE,2026-09-14 14:00,LOW
17,CONTONMENT AREA,CANTONMENT AREA, ,104537.17829755532,17.48172128640626,78.49019095802527,52386,501123.15,10.02,60.72,81.95,9.61,28.93,53.93,25.7,4.61,645.27,19.72,999.38,7.54,29.93,28.93,24.42,48.68,42.18,MODERATE,SYNTHETIC_PROTOTYPE,2026-09-14 14:00,MODERATE
120,120-BALA NAGAR,24-KUKATPALLY,KUKATPALLY ZONE,7433558.989598776,17.47601503478693,78.44702504259435,26583,3576.08,11.22,75.0,61.31,7.07,30.98,52.15,27.63,4.92,682.26,21.41,996.35,41.57,37.27,30.98,26.22,39.24,48.16,MODERATE,SYNTHETIC_PROTOTYPE,2026-09-14 14:00,MODERATE
130,130-SUBHASH NAGAR,25-QUTUBULLAPUR,KUKATPALLY ZONE,7947762.319994636,17.527338469882555,78.45022552869132,74263,9343.89,5.59,18.6,76.86,11.33,30.58,57.53,27.61,0.84,690.97,22.09,997.06,38.57,32.59,31.79,26.13,12.83,45.08,MODERATE,SYNTHETIC_PROTOTYPE,2026-09-14 14:00,LOW
131,131-QUTHBULLAPUR,25-QUTUBULLAPUR,KUKATPALLY ZONE,3651445.1580893006,17.4955724154104,78.45714042093657,48175,13193.41,6.44,29.84,63.48,21.15,28.57,60.79,25.82,3.45,395.52,20.73,1004.3,22.67,33.68,28.57,24.19,25.09,37.28,MODERATE,SYNTHETIC_PROTOTYPE,2026-09-14 14:00,MODERATE
121,121-KUKATPALLY,24-KUKATPALLY,KUKATPALLY ZONE,3264105.8322230866,17.487752050111048,78.42198505724768,51523,15784.72,6.87,39.78,66.0,26.01,27.87,47.92,24.23,0.73,765.3,17.46,997.34,34.55,32.63,28.53,23.3,30.04,35.64,MODERATE,SYNTHETIC_PROTOTYPE,2026-09-14 14:00,MODERATE
125,125-GAJULARAMARAM,26-GAJULARAMARAM,KUKATPALLY ZONE,10711081.597570878,17.526852644311568,78.41259278987549,42843,3999.88,8.01,59.2,82.1,22.61,32.37,65.24,29.94,4.05,483.96,25.42,998.29,22.55,39.71,32.37,27.92,31.12,56.2,HIGH,SYNTHETIC_PROTOTYPE,2026-09-14 14:00,MODERATE
124,124-ALLYWN COLONY,24-KUKATPALLY,KUKATPALLY ZONE,2735582.516972,17.50519837403558,78.40852812503326,30230,11050.66,12.9,21.18,34.12,12.81,30.3,58.63,27.4,3.99,727.59,22.02,1008.55,13.57,34.94,30.3,25.97,34.76,47.38,MODERATE,SYNTHETIC_PROTOTYPE,2026-09-14 14:00,MODERATE
114,114-K.P.H.B.COLONY,23-MOOSAPET,KUKATPALLY ZONE,6146262.282156483,17.486127873915756,78.38396186579914,80093,13031.17,8.33,31.57,45.96,32.8,28.96,39.08,24.69,5.57,618.19,16.77,993.93,27.93,32.57,28.96,23.69,37.38,31.17,MODERATE,SYNTHETIC_PROTOTYPE,2026-09-14 14:00,MODERATE
116,116-ALLAPUR,23-MOOSAPET,KUKATPALLY ZONE,3273570.344197877,17.460161022641383,78.40025768113169,70365,21494.88,10.18,45.88,42.8,30.87,30.81,38.41,26.5,5.78,386.01,18.49,991.01,12.92,34.79,30.81,25.1,44.42,37.55,MODERATE,SYNTHETIC_PROTOTYPE,2026-09-14 14:00,MODERATE
115,115-BALAJI NAGAR,23-MOOSAPET,KUKATPALLY ZONE,8755051.971049206,17.475619686959025,78.40517650960591,61138,6983.17,16.05,41.09,28.33,20.08,33.26,57.88,30.31,4.3,566.25,24.83,997.14,41.46,40.8,33.26,28.43,49.01,59.75,HIGH,SYNTHETIC_PROTOTYPE,2026-09-14 14:00,MODERATE
117,117-MOOSAPET,23-MOOSAPET,KUKATPALLY ZONE,1933052.9414491013,17.46121965804169,78.42222361610564,44961,23259.06,10.25,29.73,56.47,14.17,26.44,55.79,23.34,3.25,682.11,17.6,997.19,12.0,32.51,26.44,22.31,29.13,30.95,MODERATE,SYNTHETIC_PROTOTYPE,2026-09-14 14:00,MODERATE
105,105-GACHIBOWLI,20-SERILINGAMPALLY,SERILINGAMPALLY ZONE,49749134.48030152,17.44163336573651,78.32388060083703,73125,1469.87,14.08,33.13,80.74,28.58,28.01,56.97,24.99,4.73,724.2,19.4,992.37,49.24,32.24,28.01,23.82,33.05,37.96,MODERATE,SYNTHETIC_PROTOTYPE,2026-09-14 14:00,MODERATE
110,110-CHANDANAGAR,21-CHANDA NAGAR,SERILINGAMPALLY ZONE,6746740.379495949,17.502381156495275,78.33088426854644,54543,8084.35,8.23,15.75,63.16,24.26,29.15,57.72,26.19,3.21,596.03,20.7,989.84,11.37,33.68,29.15,24.76,24.04,39.51,MODERATE,SYNTHETIC_PROTOTYPE,2026-09-14 14:00,LOW
111,111-BHARATHI NAGAR,22-RAMACHANDRAPURAM & PATANCHERUVU,SERILINGAMPALLY ZONE,1079529.1999337163,17.479474513556948,78.3033078080978,47708,44193.34,10.78,31.67,71.36,4.62,33.92,60.26,31.14,4.0,880.4,25.97,1006.55,23.67,35.79,33.92,29.46,23.26,58.38,HIGH,SYNTHETIC_PROTOTYPE,2026-09-14 14:00,LOW
106,106-SERILINGAMPALLY,20-SERILINGAMPALLY,SERILINGAMPALLY ZONE,11393187.898618596,17.46895588283662,78.34057608799503,48180,4228.84,8.17,31.27,86.52,21.18,31.57,67.48,29.29,5.48,791.28,25.06,996.63,22.51,37.34,31.57,27.61,20.94,52.78,HIGH,SYNTHETIC_PROTOTYPE,2026-09-14 14:00,LOW
104,104-KONDAPUR,20-SERILINGAMPALLY,SERILINGAMPALLY ZONE,14637967.787632674,17.44678809103248,78.37383293702945,33224,2269.71,10.31,38.25,90.57,25.14,32.53,46.89,28.82,3.16,576.37,21.91,991.34,61.5,34.02,32.53,27.26,26.06,48.2,MODERATE,SYNTHETIC_PROTOTYPE,2026-09-14 14:00,MODERATE
109,109-HAFEEZPET,21-CHANDA NAGAR,SERILINGAMPALLY ZONE,3920532.556982245,17.489713501354444,78.34558316880451,24173,6165.74,14.44,27.23,66.82,11.2,28.72,46.28,24.96,5.21,747.52,17.98,999.58,41.61,35.22,28.72,23.96,28.66,34.03,MODERATE,SYNTHETIC_PROTOTYPE,2026-09-14 14:00,MODERATE
118,118-FATEH NAGAR,23-MOOSAPET,KUKATPALLY ZONE,3327590.948023777,17.46373984824639,78.44227100978115,55157,16575.66,5.45,41.6,91.01,24.28,28.76,47.07,25.06,5.02,948.74,18.17,994.45,30.77,34.02,28.76,24.24,21.38,34.56,MODERATE,SYNTHETIC_PROTOTYPE,2026-09-14 14:00,LOW
143,143-TARNAKA,29-SECUNDERABAD,SECUNDERABAD ZONE,2016686.8213935976,17.43489305784213,78.54317187692939,77488,38423.42,13.02,49.18,69.57,4.54,31.9,60.89,29.16,2.57,953.28,24.07,993.74,44.97,41.67,32.12,27.74,31.56,57.46,HIGH,SYNTHETIC_PROTOTYPE,2026-09-14 14:00,MODERATE
8,8-HABSIGUDA,2-UPPAL,L.B.NAGAR ZONE,5262073.704718098,17.405673847851144,78.53994005637404,22275,4233.12,12.33,37.18,53.76,38.03,31.12,70.45,29.05,5.46,411.24,25.21,997.81,0.0,33.92,31.12,26.97,43.51,54.47,HIGH,SYNTHETIC_PROTOTYPE,2026-09-14 14:00,MODERATE
40,40-RIYASATNAGAR,8-CHANDRAYANGUTTA,CHARMINAR ZONE,1133734.5916682463,17.342178613104135,78.49663032452537,75505,66598.48,9.42,39.92,57.9,36.98,32.1,53.69,28.86,5.05,462.49,22.83,988.54,34.14,36.89,32.1,27.08,41.81,50.18,HIGH,SYNTHETIC_PROTOTYPE,2026-09-14 14:00,MODERATE
36,36-LALITHABAGH,8-CHANDRAYANGUTTA,CHARMINAR ZONE,989995.4869086632,17.34652014336579,78.49085374057883,73451,74193.27,6.44,35.74,42.83,18.97,30.62,35.0,26.07,4.15,872.44,17.62,996.76,74.95,39.22,30.62,25.25,34.12,37.93,MODERATE,SYNTHETIC_PROTOTYPE,2026-09-14 14:00,MODERATE
34,34-TALABCHANCHALAM,7-SANTOSH NAGAR,CHARMINAR ZONE,660786.0113630638,17.351859041516597,78.48587508422366,36542,55300.81,11.75,35.0,52.9,26.36,31.56,40.96,27.42,2.86,440.09,19.75,1004.56,37.65,38.94,31.56,25.95,39.72,43.44,MODERATE,SYNTHETIC_PROTOTYPE,2026-09-14 14:00,MODERATE
22,22-CHAITHANYAPURI,5-SAROOR NAGAR,L.B.NAGAR ZONE,1985441.8581932983,17.37444548324827,78.53389342219222,60321,30381.65,9.65,24.9,61.91,3.0,31.32,49.67,27.79,2.71,395.17,21.25,997.33,36.36,34.92,31.32,26.11,21.21,42.04,MODERATE,SYNTHETIC_PROTOTYPE,2026-09-14 14:00,LOW
37,37-KURMAGUDA,7-SANTOSH NAGAR,CHARMINAR ZONE,1035999.4227496556,17.356662587040997,78.50082206361502,29070,28059.86,12.31,39.43,81.66,8.12,32.56,52.42,29.23,3.19,537.35,23.04,993.12,45.96,38.0,32.56,27.51,25.43,50.56,HIGH,SYNTHETIC_PROTOTYPE,2026-09-14 14:00,MODERATE
31,31-REIN BAZAR,7-SANTOSH NAGAR,CHARMINAR ZONE,666030.9607613252,17.35856466327157,78.48989853735279,68791,103284.99,11.58,33.64,97.25,18.47,32.61,53.92,29.39,4.81,691.44,23.4,992.46,52.91,37.62,32.61,27.79,25.68,51.22,HIGH,SYNTHETIC_PROTOTYPE,2026-09-14 14:00,MODERATE
29,29-CHAWANI,6-MALAKPET,CHARMINAR ZONE,988226.6977171073,17.364645240225993,78.4970688005827,64935,65708.61,17.11,64.3,44.5,9.13,27.76,58.39,24.85,2.57,602.59,19.44,992.95,0.0,33.32,27.82,23.55,50.92,43.28,MODERATE,SYNTHETIC_PROTOTYPE,2026-09-14 14:00,HIGH
38,38-I.S.SADAN,7-SANTOSH NAGAR,CHARMINAR ZONE,2663589.3907544203,17.35250729772361,78.51893998959613,41753,15675.46,10.66,57.03,74.68,30.57,26.51,54.88,23.35,4.66,509.4,17.48,993.73,1.35,30.11,26.51,22.15,39.34,31.22,MODERATE,SYNTHETIC_PROTOTYPE,2026-09-14 14:00,MODERATE
18,18-LINGOJIGUDA,4-LB. NAGAR,L.B.NAGAR ZONE,2705280.8975259606,17.348306932584286,78.53857369667193,22550,8335.55,7.92,40.4,50.31,45.97,33.0,68.49,30.8,2.14,505.38,26.7,993.11,39.21,37.82,34.03,28.66,43.53,62.65,HIGH,SYNTHETIC_PROTOTYPE,2026-09-14 14:00,MODERATE
16,16-HASTHINAPURAM,4-LB. NAGAR,L.B.NAGAR ZONE,4888827.555694174,17.328412805766426,78.54044488022167,83036,16984.85,12.13,24.32,76.07,7.88,33.38,51.24,29.96,3.69,498.9,23.62,999.58,20.7,35.18,33.38,28.15,21.56,50.67,HIGH,SYNTHETIC_PROTOTYPE,2026-09-14 14:00,LOW
20,20-R.K.PURAM,5-SAROOR NAGAR,L.B.NAGAR ZONE,2455294.202802988,17.362161034223313,78.55004450670556,47861,19492.98,12.27,19.43,65.77,11.95,28.96,49.38,25.42,4.16,470.48,18.83,986.33,61.24,34.23,28.96,24.05,24.78,33.54,MODERATE,SYNTHETIC_PROTOTYPE,2026-09-14 14:00,LOW
19,19-SAROORNAGAR,5-SAROOR NAGAR,L.B.NAGAR ZONE,2292708.9437514213,17.360444230446664,78.53952823255567,77839,33950.67,16.26,51.68,36.87,24.83,27.28,62.79,24.68,7.67,1000.0,19.84,999.31,28.7,33.18,27.28,23.73,53.17,42.65,MODERATE,SYNTHETIC_PROTOTYPE,2026-09-14 14:00,HIGH
14,14-B.N.REDDY NAGAR,3-HAYAT NAGAR,L.B.NAGAR ZONE,8693891.065747818,17.31523252472366,78.5734775312055,63420,7294.78,14.42,38.68,83.78,41.33,31.2,42.64,27.18,1.93,670.58,19.73,993.1,0.0,35.74,31.2,25.94,39.71,46.51,MODERATE,SYNTHETIC_PROTOTYPE,2026-09-14 14:00,MODERATE
12,12-MANSOORABAD,3-HAYAT NAGAR,L.B.NAGAR ZONE,11006985.046989547,17.34118679202353,78.58782596382977,70151,6373.32,12.75,41.72,57.71,7.33,32.86,61.9,30.19,6.21,770.75,25.24,996.88,9.64,34.63,32.86,28.48,32.04,56.73,HIGH,SYNTHETIC_PROTOTYPE,2026-09-14 14:00,MODERATE
21,21-KOTHAPET,5-SAROOR NAGAR,L.B.NAGAR ZONE,2385754.828873175,17.37371475167228,78.55024844758073,68913,28885.2,16.62,10.58,58.92,24.99,34.6,59.03,31.73,4.22,536.86,26.4,989.37,0.0,41.57,34.6,29.66,34.78,59.21,HIGH,SYNTHETIC_PROTOTYPE,2026-09-14 14:00,MODERATE
11,11-NAGOLE,3-HAYAT NAGAR,L.B.NAGAR ZONE,11068491.356923612,17.36925644419256,78.57140883431404,31040,2804.36,7.34,47.98,49.81,43.86,32.03,56.53,28.99,4.62,588.39,23.34,1001.64,30.32,37.76,32.03,27.29,44.24,53.38,HIGH,SYNTHETIC_PROTOTYPE,2026-09-14 14:00,MODERATE
10,10-UPPAL,2-UPPAL,L.B.NAGAR ZONE,8637914.482584074,17.39504681935031,78.56296389662468,42381,4906.39,9.26,41.36,56.88,3.0,30.26,73.88,28.43,4.18,498.7,25.03,1001.23,31.23,33.8,30.26,26.45,26.17,50.9,HIGH,SYNTHETIC_PROTOTYPE,2026-09-14 14:00,MODERATE
54,GRAMPANCHAYAT PEERZADI GUDA,GRAMPANCHAYAT PEERZADIGUDA, ,126321.4666744412,17.40754217324666,78.56997847339062,49270,390036.64,8.26,19.45,75.27,6.63,29.21,51.78,25.84,4.67,169.21,19.57,999.8,26.51,33.65,29.21,24.1,30.06,32.65,MODERATE,SYNTHETIC_PROTOTYPE,2026-09-14 14:00,MODERATE
55,KALAVANCHA GRAM PANCHAYATH,KALAVANCHA GRAMPANCHAYATH, ,302009.6932456224,17.32567817542482,78.58964809893376,51352,170034.28,10.14,28.4,64.78,16.92,31.02,78.6,29.53,3.77,385.74,26.74,987.43,56.58,33.02,31.57,27.26,33.29,56.38,HIGH,SYNTHETIC_PROTOTYPE,2026-09-14 14:00,MODERATE
13,13-HAYATHNAGAR,3-HAYAT NAGAR,L.B.NAGAR ZONE,10130161.16035993,17.32081096318208,78.60064811329705,20934,2066.5,6.68,38.69,73.59,15.75,30.4,55.75,27.3,6.18,312.19,21.55,999.15,58.97,33.35,30.4,25.51,22.71,38.35,MODERATE,SYNTHETIC_PROTOTYPE,2026-09-14 14:00,LOW
15,15-VANASTHALIPURAM,4-LB. NAGAR,L.B.NAGAR ZONE,3657312.278909105,17.335131026944232,78.5607723077716,54620,14934.46,13.72,35.73,74.15,31.75,28.97,45.23,25.14,3.32,237.54,18.02,997.02,31.59,32.89,28.97,23.63,37.04,33.66,MODERATE,SYNTHETIC_PROTOTYPE,2026-09-14 14:00,MODERATE
26,26-OLD MALAKPET,6-MALAKPET,CHARMINAR ZONE,2119960.3875406804,17.379962529261828,78.50462653528552,28337,13366.76,10.72,30.91,90.45,24.9,35.1,58.7,32.21,5.7,416.79,26.84,986.97,0.0,42.55,35.1,29.98,24.67,55.87,HIGH,SYNTHETIC_PROTOTYPE,2026-09-14 14:00,LOW
151,17-CHAMPAPET,4-LB. NAGAR,L.B.NAGAR ZONE,2272337.12258051,17.34314932107017,78.52557637562042,67806,29839.76,6.35,33.55,62.17,3.0,34.57,47.24,30.88,3.03,845.24,24.02,994.88,47.35,38.29,34.57,29.37,19.83,54.85,HIGH,SYNTHETIC_PROTOTYPE,2026-09-14 14:00,LOW
39,39-SANTOSH NAGAR,7-SANTOSH NAGAR,CHARMINAR ZONE,1064852.2720209374,17.34922761430811,78.50200608930804,63764,59880.61,7.95,31.47,42.89,28.18,33.27,50.48,29.81,3.91,612.45,23.37,996.82,46.11,39.55,33.27,28.13,37.74,53.9,HIGH,SYNTHETIC_PROTOTYPE,2026-09-14 14:00,MODERATE
66,66-LUNGER HOUSE,13-KARWAN,KHAIRATHABAD ZONE,6957304.92372224,17.37937268929349,78.39779930263693,79809,11471.25,12.6,37.14,86.14,15.07,29.16,61.97,26.5,2.39,839.4,21.55,997.78,41.19,33.08,29.57,25.22,25.98,46.13,MODERATE,SYNTHETIC_PROTOTYPE,2026-09-14 14:00,MODERATE
112,112-RAMACHANDRAPURAM,22-RAMACHANDRAPURAM & PATANCHERUVU,SERILINGAMPALLY ZONE,2416456.049523573,17.5106295236241,78.29595937816846,67899,28098.59,14.43,55.6,62.36,37.29,32.71,63.56,30.16,4.68,689.87,25.42,995.89,54.63,38.21,32.71,28.34,50.0,62.15,HIGH,SYNTHETIC_PROTOTYPE,2026-09-14 14:00,HIGH
128,128-CHINTAL,26-GAJULARAMARAM,KUKATPALLY ZONE,4291447.254106961,17.503252974456426,78.44157908644668,42565,9918.57,18.49,10.0,86.95,14.47,32.28,51.78,28.9,6.17,753.04,22.63,996.46,11.7,37.0,32.28,27.44,24.16,48.11,MODERATE,SYNTHETIC_PROTOTYPE,2026-09-14 14:00,LOW
126,126-JAGADGIRI GUTTA,26-GAJULARAMARAM,KUKATPALLY ZONE,2285428.254419857,17.507523287527626,78.42400425006468,82823,36239.6,21.7,31.68,74.52,14.36,31.89,67.87,29.64,3.88,466.85,25.46,1002.37,75.18,38.63,31.89,27.59,39.09,57.95,HIGH,SYNTHETIC_PROTOTYPE,2026-09-14 14:00,MODERATE
129,129-SURARAM,26-GAJULARAMARAM,KUKATPALLY ZONE,8689154.4221276,17.540084177499967,78.42683803301777,45526,5239.41,12.95,37.47,65.77,28.49,33.5,69.58,31.37,3.7,709.07,27.41,1001.13,15.81,37.43,33.5,29.37,37.25,63.77,HIGH,SYNTHETIC_PROTOTYPE,2026-09-14 14:00,MODERATE
133,133-MACHABOLARUM,27-ALWAL,KUKATPALLY ZONE,5937971.781768736,17.518079725875097,78.48311721204054,39830,6707.68,8.04,39.14,73.93,31.16,32.27,72.36,30.34,2.33,743.88,26.74,980.66,49.98,34.13,33.42,28.43,30.78,61.74,HIGH,SYNTHETIC_PROTOTYPE,2026-09-14 14:00,MODERATE
138,138-MOULA-ALI,28-MALKAJGIRI,SECUNDERABAD ZONE,3562137.3289497257,17.468930145825947,78.55428697880258,78670,22085.06,5.0,29.79,98.0,27.38,32.48,63.29,29.91,3.66,521.97,25.14,993.41,1.25,34.72,32.48,27.96,16.76,52.15,HIGH,SYNTHETIC_PROTOTYPE,2026-09-14 14:00,LOW
107,107-MADHAPUR,21-CHANDA NAGAR,SERILINGAMPALLY ZONE,10979030.39370134,17.465592567127132,78.37989838301897,42820,3900.16,12.44,10.41,98.0,3.0,32.27,71.63,30.29,1.61,715.12,26.6,994.18,16.39,36.21,33.87,28.37,9.15,57.07,HIGH,SYNTHETIC_PROTOTYPE,2026-09-14 14:00,LOW
69,OU,OU, ,4269197.581924031,17.41169356049324,78.52647085593482,23114,5414.13,8.65,39.59,69.18,28.46,31.68,39.19,27.43,2.63,716.25,19.52,986.24,65.33,34.18,31.68,26.25,31.81,44.0,MODERATE,SYNTHETIC_PROTOTYPE,2026-09-14 14:00,MODERATE
149,149-BEGUMPET,30-BEGUMPET,SECUNDERABAD ZONE,5684547.56276703,17.443850505183622,78.46836223913674,49460,8700.78,10.05,59.18,70.72,9.59,27.43,54.82,24.27,4.34,526.58,18.4,995.47,29.78,33.25,27.43,23.0,31.61,33.33,MODERATE,SYNTHETIC_PROTOTYPE,2026-09-14 14:00,MODERATE
135,135-VENKATAPURAM,27-ALWAL,KUKATPALLY ZONE,2961900.2447269,17.488973601689366,78.49788491280397,71310,24075.76,9.36,13.53,86.3,24.82,31.17,49.33,27.62,5.98,429.13,21.03,1001.24,51.8,35.24,31.17,26.0,19.23,38.16,MODERATE,SYNTHETIC_PROTOTYPE,2026-09-14 14:00,LOW
123,123-HYDER NAGAR,24-KUKATPALLY,KUKATPALLY ZONE,3643554.48869713,17.502733725146445,78.3891679447305,30694,8424.19,11.01,47.09,53.62,4.92,29.89,59.19,27.03,8.21,418.7,21.73,989.57,39.74,39.64,29.89,25.32,31.83,39.77,MODERATE,SYNTHETIC_PROTOTYPE,2026-09-14 14:00,MODERATE
122,122-VIVEKANANDA NAGAR COLONY,24-KUKATPALLY,KUKATPALLY ZONE,1677579.6973904197,17.49529188897502,78.41405023903276,49017,29218.88,15.23,30.4,73.66,27.36,28.44,52.29,25.1,3.12,634.71,18.9,996.68,32.9,29.96,28.44,23.89,36.15,38.55,MODERATE,SYNTHETIC_PROTOTYPE,2026-09-14 14:00,MODERATE
113,113-PATANCHERUVU,22-RAMACHANDRAPURAM & PATANCHERUVU,SERILINGAMPALLY ZONE,14608825.439263685,17.532964565347175,78.2641052649039,26704,1827.94,12.05,34.14,67.56,12.32,34.36,56.34,31.31,6.15,675.59,25.63,990.42,62.28,39.77,34.36,29.46,28.0,56.06,HIGH,SYNTHETIC_PROTOTYPE,2026-09-14 14:00,MODERATE
108,108-MIYAPUR,21-CHANDA NAGAR,SERILINGAMPALLY ZONE,8167895.308614803,17.50778126239338,78.35876516392774,63994,7834.82,10.94,20.26,73.34,6.61,34.46,76.82,32.84,4.37,485.27,29.82,991.64,30.27,37.2,34.47,30.36,18.75,61.35,HIGH,SYNTHETIC_PROTOTYPE,2026-09-14 14:00,LOW
41,41-KANCHANBAGH,8-CHANDRAYANGUTTA,CHARMINAR ZONE,4998944.944571167,17.325955942097494,78.49883561763875,49872,9976.51,7.88,30.32,53.83,30.57,33.72,56.3,30.66,3.77,624.52,24.98,1002.39,0.0,37.73,33.72,28.83,33.28,56.74,HIGH,SYNTHETIC_PROTOTYPE,2026-09-14 14:00,MODERATE
7,7-CHILUKA NAGAR,2-UPPAL,L.B.NAGAR ZONE,2937031.704346888,17.41324146443827,78.55850398903644,40123,13661.07,5.64,53.2,40.98,24.9,31.51,62.14,28.86,4.65,716.99,23.94,992.29,18.94,36.79,31.51,27.22,39.01,54.0,HIGH,SYNTHETIC_PROTOTYPE,2026-09-14 14:00,MODERATE
9,9-RAMANTHAPUR,2-UPPAL,L.B.NAGAR ZONE,2971368.620590802,17.389104752192054,78.53725419410502,33202,11173.98,9.8,43.16,32.76,14.63,33.7,55.68,30.6,4.09,725.09,24.84,997.31,46.02,34.7,33.7,28.88,38.92,58.71,HIGH,SYNTHETIC_PROTOTYPE,2026-09-14 14:00,MODERATE
25,25-MOOSARAMBAGH,6-MALAKPET,CHARMINAR ZONE,1825093.0906680697,17.373365114435252,78.51741126743912,55821,30585.29,11.31,59.25,49.0,39.41,31.02,58.76,28.14,4.17,883.82,22.78,985.64,42.91,36.5,31.02,26.78,52.0,56.13,HIGH,SYNTHETIC_PROTOTYPE,2026-09-14 14:00,HIGH
80,BANDLA GUDA,BANDLAGUDA, ,1320704.6265619062,17.526408818386255,78.27951903934373,62877,47608.68,17.69,51.48,60.2,16.71,31.41,58.06,28.47,3.39,837.09,23.02,1004.31,3.66,40.21,31.41,27.05,45.71,56.62,HIGH,SYNTHETIC_PROTOTYPE,2026-09-14 14:00,MODERATE
28,28-AZAMPURA,6-MALAKPET,CHARMINAR ZONE,1383526.4181887496,17.373202078121224,78.49218516795989,81000,58546.05,11.96,41.15,63.02,22.39,28.81,62.48,26.19,1.9,449.78,21.31,998.01,20.51,32.91,29.6,24.54,37.62,44.4,MODERATE,SYNTHETIC_PROTOTYPE,2026-09-14 14:00,MODERATE
56,56-KISHAN BAGH,10-FALAKNUMA,CHARMINAR ZONE,1585457.675225006,17.360349475427615,78.44401808873238,47289,29826.72,14.94,59.42,98.0,25.23,31.79,69.65,29.67,1.68,906.21,25.72,994.09,23.37,37.31,33.21,28.03,37.22,64.17,HIGH,SYNTHETIC_PROTOTYPE,2026-09-14 14:00,MODERATE
52,52-PURANAPOOL,9-CHARMINAR,CHARMINAR ZONE,790688.9969908029,17.361374984793578,78.46362669898217,28766,36380.93,9.75,41.15,86.8,14.56,31.12,74.47,29.33,4.98,529.73,26.02,997.88,27.69,38.17,31.12,27.29,24.41,53.79,HIGH,SYNTHETIC_PROTOTYPE,2026-09-14 14:00,LOW
59,59-MAILARDEVPALLY,11-RAJENDRA NAGAR,CHARMINAR ZONE,13206245.232379548,17.31049538307561,78.4315532281441,73789,5587.43,7.35,46.59,51.64,27.65,28.39,61.1,25.67,3.58,797.63,20.61,987.95,7.48,33.07,28.39,24.45,36.89,43.29,MODERATE,SYNTHETIC_PROTOTYPE,2026-09-14 14:00,MODERATE
46,46-FALAKNUMA,10-FALAKNUMA,CHARMINAR ZONE,1863334.4753085545,17.326899569390882,78.46510412321675,60194,32304.45,8.12,30.85,73.91,15.6,30.9,63.9,28.37,3.11,631.56,23.68,1000.91,22.43,34.74,30.94,26.67,23.08,49.58,MODERATE,SYNTHETIC_PROTOTYPE,2026-09-14 14:00,LOW
61,61-ATTAPUR,11-RAJENDRA NAGAR,CHARMINAR ZONE,4531228.684756497,17.363581756224338,78.42840946667808,64917,14326.58,8.96,35.93,61.08,17.06,30.84,46.49,27.09,4.01,549.93,20.14,993.38,20.43,31.84,30.84,25.68,29.03,40.95,MODERATE,SYNTHETIC_PROTOTYPE,2026-09-14 14:00,MODERATE
60,60-RAJENDRANAGAR,11-RAJENDRA NAGAR,CHARMINAR ZONE,21674719.43650513,17.329619125907918,78.40457119481738,24514,1131.0,18.95,25.24,63.17,38.35,34.6,57.12,31.59,5.19,312.69,26.02,993.98,50.43,40.88,34.6,29.35,45.2,58.69,HIGH,SYNTHETIC_PROTOTYPE,2026-09-14 14:00,MODERATE
49,49-GANSIBAZAR,9-CHARMINAR,CHARMINAR ZONE,1733240.1721614052,17.36405723995243,78.4696526651999,38928,22459.67,8.63,48.85,71.15,9.51,32.79,67.4,30.51,4.27,590.83,26.27,992.54,51.18,37.56,32.79,28.5,27.14,57.54,HIGH,SYNTHETIC_PROTOTYPE,2026-09-14 14:00,MODERATE
33,33-MOGHALPURA,9-CHARMINAR,CHARMINAR ZONE,840654.3062682932,17.35306788224473,78.47818412707723,69445,82608.27,14.43,18.5,78.53,3.0,31.02,66.66,28.69,3.02,354.9,24.35,992.1,32.08,34.0,31.31,26.64,22.5,49.14,MODERATE,SYNTHETIC_PROTOTYPE,2026-09-14 14:00,LOW
47,47-NAWABSAHEBKUNTA,10-FALAKNUMA,CHARMINAR ZONE,1022827.1962674254,17.334878661477557,78.46105884782605,73761,72114.82,8.34,45.95,62.23,41.33,31.5,60.12,28.71,5.84,784.44,23.52,998.47,27.16,36.75,31.5,27.18,43.16,53.57,HIGH,SYNTHETIC_PROTOTYPE,2026-09-14 14:00,MODERATE
58,58-SHASTRIPURAM,11-RAJENDRA NAGAR,CHARMINAR ZONE,4884596.331973677,17.32453888532225,78.45069873230123,47159,9654.64,14.76,32.33,86.09,52.59,31.09,66.86,28.77,6.37,877.85,24.46,996.28,37.8,34.92,31.09,27.23,42.16,56.05,HIGH,SYNTHETIC_PROTOTYPE,2026-09-14 14:00,MODERATE
152,54-JAHANUMA,10-FALAKNUMA,CHARMINAR ZONE,1520779.030143766,17.342457721642596,78.45924325597294,71919,47290.89,12.85,51.4,48.59,17.14,30.59,62.91,28.0,4.74,484.53,23.18,998.26,18.67,34.54,30.59,26.2,43.23,50.49,HIGH,SYNTHETIC_PROTOTYPE,2026-09-14 14:00,MODERATE
48,48-SHALIBANDA,9-CHARMINAR,CHARMINAR ZONE,1550759.021427913,17.345506044664326,78.4693974674791,74393,47971.99,10.95,45.51,68.11,3.0,28.84,70.0,26.74,5.46,671.34,22.84,994.96,12.06,35.05,28.84,25.15,28.11,44.93,MODERATE,SYNTHETIC_PROTOTYPE,2026-09-14 14:00,MODERATE
53,53-DOODBOWLI,10-FALAKNUMA,CHARMINAR ZONE,1200547.4382621727,17.35555196444019,78.45973295672165,43961,36617.46,11.36,60.49,98.0,18.27,30.7,60.89,27.96,5.86,496.68,22.88,997.57,16.2,33.02,30.7,26.21,30.73,46.84,MODERATE,SYNTHETIC_PROTOTYPE,2026-09-14 14:00,MODERATE
153,55-RAMNASTPURA,10-FALAKNUMA,CHARMINAR ZONE,4365674.814870215,17.348050756006003,78.44568251023264,78171,17905.82,9.21,45.23,71.79,18.57,29.51,54.44,26.32,5.7,513.16,20.4,992.91,22.3,36.6,29.51,24.84,30.01,38.64,MODERATE,SYNTHETIC_PROTOTYPE,2026-09-14 14:00,MODERATE
43,43-CHANDRAYANGUTTA,8-CHANDRAYANGUTTA,CHARMINAR ZONE,1943977.960066474,17.32433353336824,78.48136395522086,37317,19196.21,13.06,12.99,92.36,19.72,28.5,61.36,25.79,4.92,751.66,20.77,1006.15,11.73,30.7,28.5,24.51,19.58,38.39,MODERATE,SYNTHETIC_PROTOTYPE,2026-09-14 14:00,LOW
44,44-UPPUGUDA,8-CHANDRAYANGUTTA,CHARMINAR ZONE,1418421.199361422,17.33548910511262,78.48590743089608,34050,24005.56,9.91,34.06,69.56,8.64,32.02,35.0,27.47,4.9,613.45,19.02,987.16,38.24,35.7,32.02,26.25,24.26,38.63,MODERATE,SYNTHETIC_PROTOTYPE,2026-09-14 14:00,LOW
35,35-GOWLIPURA,7-SANTOSH NAGAR,CHARMINAR ZONE,1042579.5140594525,17.345619529172,78.47915474953187,63727,61124.35,7.21,18.59,77.87,28.95,31.78,61.83,29.11,4.78,915.74,24.15,1001.3,49.59,40.63,31.78,27.65,23.67,52.53,HIGH,SYNTHETIC_PROTOTYPE,2026-09-14 14:00,LOW
30,30-DABEERPURA,6-MALAKPET,CHARMINAR ZONE,1290188.1776607586,17.370303450184405,78.4860373148036,60663,47018.72,7.03,27.74,67.03,28.29,27.43,35.0,22.88,2.35,538.02,14.43,1001.84,3.26,34.68,27.43,22.04,28.41,23.61,LOW,SYNTHETIC_PROTOTYPE,2026-09-14 14:00,MODERATE
32,32-PATHER GATTI,9-CHARMINAR,CHARMINAR ZONE,1689888.5786931447,17.36339818319299,78.48031214317645,27363,16192.19,12.1,56.16,65.1,4.07,30.75,40.77,26.61,5.05,789.89,18.91,990.74,35.5,35.95,30.75,25.57,32.75,40.85,MODERATE,SYNTHETIC_PROTOTYPE,2026-09-14 14:00,MODERATE
23,23-GADDIANNARAM,5-SAROOR NAGAR,L.B.NAGAR ZONE,1444735.007478655,17.363712041308638,78.52947856540669,73793,51077.19,17.03,43.93,54.75,30.39,32.99,62.52,30.37,1.97,636.56,25.49,1006.15,30.6,36.11,33.74,28.49,49.74,64.08,HIGH,SYNTHETIC_PROTOTYPE,2026-09-14 14:00,MODERATE
24,24-SAIDABAD,6-MALAKPET,CHARMINAR ZONE,1804988.1242625872,17.362399989126484,78.51449939661914,31393,17392.36,12.06,25.21,75.32,46.63,33.12,62.78,30.51,2.81,755.28,25.67,999.98,41.83,37.06,33.3,28.74,37.6,61.27,HIGH,SYNTHETIC_PROTOTYPE,2026-09-14 14:00,MODERATE
27,27-AKBERBAGH,6-MALAKPET,CHARMINAR ZONE,1420731.0916358756,17.36854571453612,78.50555616230791,71928,50627.46,11.08,20.81,53.52,24.06,33.05,46.38,29.3,5.96,543.98,22.33,999.86,34.74,38.2,33.05,27.66,33.27,47.86,MODERATE,SYNTHETIC_PROTOTYPE,2026-09-14 14:00,MODERATE
45,45-JANGAMMET,8-CHANDRAYANGUTTA,CHARMINAR ZONE,1686439.228540895,17.335131583692448,78.47561934074793,18493,10965.71,12.5,35.46,79.31,17.95,31.08,50.88,27.64,5.26,611.57,21.25,995.14,5.93,36.15,31.08,26.17,28.36,43.75,MODERATE,SYNTHETIC_PROTOTYPE,2026-09-14 14:00,MODERATE
42,42-BARKAS,8-CHANDRAYANGUTTA,CHARMINAR ZONE,1583707.2436379616,17.31657972344294,78.47504761513194,71388,45076.51,16.07,17.97,86.45,20.3,29.31,71.71,27.33,6.23,600.37,23.65,993.91,9.75,34.13,29.31,25.59,27.61,45.98,MODERATE,SYNTHETIC_PROTOTYPE,2026-09-14 14:00,MODERATE
57,57-SULEMAN NAGAR,11-RAJENDRA NAGAR,CHARMINAR ZONE,3433463.253764388,17.34237182941088,78.42960982767251,70723,20598.15,12.27,25.6,74.23,29.38,28.83,53.16,25.55,3.59,477.87,19.46,993.95,35.59,33.77,28.83,24.13,31.44,37.15,MODERATE,SYNTHETIC_PROTOTYPE,2026-09-14 14:00,MODERATE
74,74-AHMED NAGAR,12-MEDHDIPATNAM,KHAIRATHABAD ZONE,1708902.6166699608,17.402257268452455,78.44257099116234,70284,41128.15,10.06,39.37,63.13,3.0,31.69,80.43,30.32,2.27,732.55,27.78,996.95,55.58,36.26,33.41,28.29,26.25,62.62,HIGH,SYNTHETIC_PROTOTYPE,2026-09-14 14:00,MODERATE
92,92-VENKATESHWARA COLONY,18-JUBILEE HILLS,KHAIRATHABAD ZONE,4908437.2762763575,17.421245714708192,78.43326853495783,62545,12742.34,15.37,51.17,75.72,23.97,31.76,57.98,28.82,3.64,730.54,23.35,1002.01,0.0,33.87,31.76,27.25,40.11,55.44,HIGH,SYNTHETIC_PROTOTYPE,2026-09-14 14:00,MODERATE
89,89-GANDHINAGAR,15-MUSHEERABAD,SECUNDERABAD ZONE,1357474.15209638,17.40877793224716,78.49245908738193,49594,36534.03,13.0,43.52,62.75,17.31,33.57,62.08,30.92,4.15,720.9,25.99,995.91,41.91,37.54,33.57,29.08,36.74,60.83,HIGH,SYNTHETIC_PROTOTYPE,2026-09-14 14:00,MODERATE
75,75-RED HILLS,12-MEDHDIPATNAM,KHAIRATHABAD ZONE,1975483.3948766096,17.399438971219052,78.46220387973959,65246,33027.87,16.88,10.0,83.9,44.17,33.2,74.17,31.39,4.12,881.28,28.03,990.44,58.79,40.03,33.21,29.5,35.97,65.43,HIGH,SYNTHETIC_PROTOTYPE,2026-09-14 14:00,MODERATE
79,79-HIMAYATNAGAR,16-AMBERPET,SECUNDERABAD ZONE,2054039.26883218,17.39924359953408,78.48462994069386,36567,17802.48,12.14,39.26,36.87,19.91,30.74,59.31,27.89,5.7,866.39,22.6,999.12,31.94,33.0,30.74,26.53,41.79,51.03,HIGH,SYNTHETIC_PROTOTYPE,2026-09-14 14:00,MODERATE
88,88-BHOLAKPUR,15-MUSHEERABAD,SECUNDERABAD ZONE,1000746.3994614008,17.418242734173667,78.49508957620928,70308,70255.56,7.21,36.01,62.29,42.01,28.51,47.98,24.87,3.46,556.26,18.11,999.61,46.0,33.13,28.51,23.67,38.93,35.5,MODERATE,SYNTHETIC_PROTOTYPE,2026-09-14 14:00,MODERATE
86,86-MUSHEERABAD,15-MUSHEERABAD,SECUNDERABAD ZONE,840168.3871182237,17.41616740337896,78.50678264756573,55228,65734.44,6.71,40.79,34.16,8.76,30.36,56.9,27.34,4.53,683.42,21.74,998.27,20.94,33.72,30.36,25.9,33.92,45.56,MODERATE,SYNTHETIC_PROTOTYPE,2026-09-14 14:00,MODERATE
85,85-ADIKMET,15-MUSHEERABAD,SECUNDERABAD ZONE,1181441.5238622697,17.40638749693859,78.50974917117942,48747,41260.61,17.28,57.63,42.58,29.05,31.43,57.64,28.47,2.52,513.99,22.96,998.73,32.61,36.66,31.48,26.73,56.66,56.83,HIGH,SYNTHETIC_PROTOTYPE,2026-09-14 14:00,HIGH
87,87-RAMNAGAR,15-MUSHEERABAD,SECUNDERABAD ZONE,1734881.6043374084,17.40615593574267,78.50051455520007,51875,29901.18,17.53,10.0,91.19,25.83,30.6,44.35,26.7,4.68,623.97,19.47,993.65,2.58,34.82,30.6,25.43,27.23,39.08,MODERATE,SYNTHETIC_PROTOTYPE,2026-09-14 14:00,MODERATE
90,90-KAVADIGUDA,15-MUSHEERABAD,SECUNDERABAD ZONE,2013731.6677583128,17.414090115217554,78.48456246996072,56105,27861.21,10.87,26.72,83.22,11.57,29.84,55.44,26.73,4.0,518.04,20.93,990.36,0.0,37.8,29.84,25.19,20.75,39.59,MODERATE,SYNTHETIC_PROTOTYPE,2026-09-14 14:00,LOW
93,93-BANJARA HILLS,18-JUBILEE HILLS,KHAIRATHABAD ZONE,3491582.083164065,17.410220010479502,78.43783554454754,20496,5870.12,10.16,43.27,55.77,24.13,31.51,50.58,28.05,2.88,895.41,21.62,990.66,53.86,37.52,31.51,26.83,36.7,51.4,HIGH,SYNTHETIC_PROTOTYPE,2026-09-14 14:00,MODERATE
91,91-KHAIRTABAD,17-KHAIRATABAD,KHAIRATHABAD ZONE,8789901.245247131,17.42027095047624,78.46762347287837,27366,3113.35,16.62,12.86,42.46,36.55,29.99,67.24,27.7,3.65,681.83,23.44,986.82,15.3,32.37,29.99,26.07,43.62,52.46,HIGH,SYNTHETIC_PROTOTYPE,2026-09-14 14:00,MODERATE
103,103-BORABANDA,19-YOUSUFGUDA,SERILINGAMPALLY ZONE,909703.4955603308,17.450826493678974,78.41104249272024,34447,37866.18,7.63,55.66,25.0,18.11,29.74,58.35,26.83,3.72,582.94,21.41,996.18,25.89,36.09,29.74,25.31,44.76,46.66,MODERATE,SYNTHETIC_PROTOTYPE,2026-09-14 14:00,MODERATE
97,97-SOMAJIGUDA,17-KHAIRATABAD,KHAIRATHABAD ZONE,2375275.766547892,17.430943404661928,78.44968008640929,25673,10808.43,8.37,40.16,58.76,3.0,31.62,55.17,28.48,3.59,822.92,22.66,994.58,7.27,35.07,31.62,27.09,24.45,49.83,MODERATE,SYNTHETIC_PROTOTYPE,2026-09-14 14:00,LOW
98,98-AMEERPET,17-KHAIRATABAD,KHAIRATHABAD ZONE,2406656.4305799804,17.439860408063907,78.45094368455763,47454,19717.81,13.75,46.85,98.0,21.79,30.2,56.94,27.18,6.66,251.0,21.58,992.8,6.8,34.04,30.2,25.32,30.14,39.99,MODERATE,SYNTHETIC_PROTOTYPE,2026-09-14 14:00,MODERATE
101,101-ERRAGADDA,19-YOUSUFGUDA,SERILINGAMPALLY ZONE,1568931.722472379,17.45342398650893,78.4287397250991,62782,40015.76,10.12,27.01,75.39,11.17,31.49,60.23,28.7,3.85,277.6,23.53,980.22,31.52,37.12,31.49,26.67,22.41,46.17,MODERATE,SYNTHETIC_PROTOTYPE,2026-09-14 14:00,LOW
100,100-SANATH NAGAR,17-KHAIRATABAD,KHAIRATHABAD ZONE,2527957.0767533467,17.454550297905794,78.4421818329991,61846,24464.81,11.48,46.39,58.49,17.89,31.55,64.17,29.04,3.63,755.29,24.38,988.76,20.41,35.56,31.55,27.39,36.72,56.39,HIGH,SYNTHETIC_PROTOTYPE,2026-09-14 14:00,MODERATE
99,99-VENGALRAO NAGAR,19-YOUSUFGUDA,SERILINGAMPALLY ZONE,2227745.7033121763,17.442546424243638,78.4325833734702,49563,22248.05,10.93,49.96,75.91,21.02,28.72,48.0,25.08,0.85,630.28,18.32,1000.6,42.56,35.51,29.29,23.93,33.56,39.07,MODERATE,SYNTHETIC_PROTOTYPE,2026-09-14 14:00,MODERATE
102,102-RAHAMATH NAGAR,19-YOUSUFGUDA,SERILINGAMPALLY ZONE,1030390.6497545828,17.4458083441012,78.41922470823957,75290,73069.37,12.68,38.26,41.46,3.0,30.04,47.58,26.37,2.66,662.58,19.55,991.68,44.05,33.49,30.04,25.13,36.26,42.47,MODERATE,SYNTHETIC_PROTOTYPE,2026-09-14 14:00,MODERATE
6,6-NACHARAM,1-KAPRA,L.B.NAGAR ZONE,5000632.718816831,17.427999147144323,78.55442995527658,55870,11172.59,16.43,38.28,62.95,3.0,33.88,69.05,31.71,3.61,394.51,27.68,996.8,41.42,37.64,33.91,29.37,32.39,61.01,HIGH,SYNTHETIC_PROTOTYPE,2026-09-14 14:00,MODERATE
84,84-BAGH AMBERPET,16-AMBERPET,SECUNDERABAD ZONE,1556582.3374299144,17.39759977957429,78.51778527634515,23306,14972.55,11.82,38.78,69.69,27.78,28.68,53.88,25.45,2.97,616.05,19.45,988.05,39.77,32.36,28.68,24.16,35.33,39.84,MODERATE,SYNTHETIC_PROTOTYPE,2026-09-14 14:00,MODERATE
81,81-NALLAKUNTA,16-AMBERPET,SECUNDERABAD ZONE,1376867.316224099,17.397130323492497,78.50730391913643,69254,50298.24,13.75,22.91,66.54,15.73,26.77,43.83,22.83,6.07,960.6,15.53,1002.19,66.56,30.64,26.77,22.3,30.17,26.82,MODERATE,SYNTHETIC_PROTOTYPE,2026-09-14 14:00,MODERATE
155,80-KACHIGUDA(Barkathpura),16-AMBERPET,SECUNDERABAD ZONE,1470552.189978005,17.390762992363193,78.49445203424789,56498,38419.58,5.0,32.93,81.44,3.0,27.28,62.44,24.65,3.75,760.11,19.76,994.28,13.65,34.47,27.28,23.47,13.08,33.69,MODERATE,SYNTHETIC_PROTOTYPE,2026-09-14 14:00,LOW
82,82-GOLNAKA,16-AMBERPET,SECUNDERABAD ZONE,1709329.8967423576,17.38698132494639,78.50693616024282,60526,35409.2,11.33,32.86,73.86,31.42,31.06,62.63,28.44,5.93,648.85,23.58,996.45,33.9,37.32,31.06,26.77,34.06,50.01,HIGH,SYNTHETIC_PROTOTYPE,2026-09-14 14:00,MODERATE
83,83-AMBERPET,16-AMBERPET,SECUNDERABAD ZONE,1923492.9274794147,17.386124720927572,78.522518902944,55880,29051.32,8.55,40.37,79.36,25.27,31.06,42.69,27.05,4.09,545.36,19.6,1006.63,57.65,39.48,31.06,25.69,28.8,39.99,MODERATE,SYNTHETIC_PROTOTYPE,2026-09-14 14:00,MODERATE
51,51-GOSHA MAHAL,14-GOSHAMAHAL,KHAIRATHABAD ZONE,1141012.764451927,17.375992938723606,78.46432188507681,55089,48280.79,7.23,49.0,56.3,13.43,30.76,60.29,27.99,4.06,552.92,22.82,1002.58,60.29,40.3,30.76,26.3,32.19,48.07,MODERATE,SYNTHETIC_PROTOTYPE,2026-09-14 14:00,MODERATE
68,68-TOLICHOWKI,13-KARWAN,KHAIRATHABAD ZONE,2191790.687915641,17.392874670818127,78.40814695020819,24067,10980.52,8.43,20.18,83.26,6.2,33.43,65.36,31.0,3.87,258.04,26.5,993.47,6.56,36.37,33.43,28.65,12.96,51.77,HIGH,SYNTHETIC_PROTOTYPE,2026-09-14 14:00,LOW
67,67-GOLCONDA,13-KARWAN,KHAIRATHABAD ZONE,2606518.184133138,17.385199038528622,78.415604755633,55466,21279.73,10.33,33.25,95.69,32.03,26.0,61.74,23.32,4.01,663.8,18.35,992.03,28.75,31.14,26.0,22.19,26.68,31.26,MODERATE,SYNTHETIC_PROTOTYPE,2026-09-14 14:00,MODERATE
77,77-JAMBAGH(Nampally),14-GOSHAMAHAL,KHAIRATHABAD ZONE,2078114.905864224,17.385495609520916,78.47233433848459,71259,34290.21,14.71,55.74,51.51,26.19,31.79,64.32,29.29,6.58,763.73,24.66,993.37,62.16,34.44,31.79,27.63,49.12,58.09,HIGH,SYNTHETIC_PROTOTYPE,2026-09-14 14:00,MODERATE
63,63-MANGALHAT,14-GOSHAMAHAL,KHAIRATHABAD ZONE,1151686.025757098,17.377715037363465,78.45741772714254,38364,33311.16,6.86,24.59,52.91,50.59,34.12,43.96,30.2,0.52,352.14,22.91,997.55,45.16,37.57,34.66,28.32,39.55,54.5,HIGH,SYNTHETIC_PROTOTYPE,2026-09-14 14:00,MODERATE
71,71-GUDIMALKAPUR,12-MEDHDIPATNAM,KHAIRATHABAD ZONE,1700151.7354963927,17.384116070132915,78.43425403068213,58390,34343.99,11.61,23.49,90.71,27.04,28.74,61.31,26.04,1.0,507.56,21.01,994.47,38.91,32.48,30.09,24.48,25.09,41.89,MODERATE,SYNTHETIC_PROTOTYPE,2026-09-14 14:00,MODERATE
70,70-MEHDIPATNAM,12-MEDHDIPATNAM,KHAIRATHABAD ZONE,1216959.061145284,17.391706326911688,78.43831236410018,20064,16487.0,9.81,37.83,64.75,26.65,30.24,54.97,27.09,3.19,423.23,21.24,993.02,30.65,33.13,30.24,25.43,33.59,43.58,MODERATE,SYNTHETIC_PROTOTYPE,2026-09-14 14:00,MODERATE
76,76-MALLEPALLY,12-MEDHDIPATNAM,KHAIRATHABAD ZONE,948830.1892776436,17.38946989339981,78.45909175138058,41282,43508.31,10.35,46.82,91.86,20.0,29.49,53.17,26.22,4.02,455.89,20.13,1002.34,27.32,32.39,29.49,24.71,27.97,38.79,MODERATE,SYNTHETIC_PROTOTYPE,2026-09-14 14:00,MODERATE
62,62-ZIAGUDA,13-KARWAN,KHAIRATHABAD ZONE,1494905.1763368011,17.366595850182875,78.44903213301126,47260,31614.05,15.01,35.16,60.48,31.8,29.21,66.71,26.88,5.04,629.09,22.55,994.43,40.76,33.92,29.21,25.29,42.84,48.04,MODERATE,SYNTHETIC_PROTOTYPE,2026-09-14 14:00,MODERATE
72,72-ASIF NAGAR,12-MEDHDIPATNAM,KHAIRATHABAD ZONE,1229814.708074297,17.3843005143324,78.44562044056221,83843,68175.31,13.38,53.61,92.74,29.5,30.35,72.79,28.44,4.71,265.65,24.91,1006.5,29.95,32.91,30.35,26.25,38.26,51.8,HIGH,SYNTHETIC_PROTOTYPE,2026-09-14 14:00,MODERATE
73,73-VIJAYANAGAR COLONY,12-MEDHDIPATNAM,KHAIRATHABAD ZONE,1710163.075808345,17.394675003720536,78.45068385930064,32377,18932.11,16.18,47.0,70.24,37.02,33.85,75.94,32.17,3.42,724.43,29.04,995.45,34.15,40.54,34.47,30.02,46.81,70.04,HIGH,SYNTHETIC_PROTOTYPE,2026-09-14 14:00,MODERATE
5,5-MALLAPUR,1-KAPRA,L.B.NAGAR ZONE,6942441.555146449,17.4444993154819,78.57463379760829,36528,5261.55,10.96,46.79,72.39,15.74,34.67,71.15,32.66,5.53,748.16,28.9,1003.93,36.57,37.84,34.67,30.54,30.78,64.37,HIGH,SYNTHETIC_PROTOTYPE,2026-09-14 14:00,MODERATE
3,3-CHERLAPALLY,1-KAPRA,L.B.NAGAR ZONE,14795383.66990394,17.468373464220537,78.59449243336185,45371,3066.56,9.06,42.76,94.6,16.78,30.33,56.9,27.31,5.55,577.31,21.71,996.79,21.44,40.33,30.33,25.76,21.51,41.82,MODERATE,SYNTHETIC_PROTOTYPE,2026-09-14 14:00,LOW
96,96-YOUSUFGUDA,19-YOUSUFGUDA,SERILINGAMPALLY ZONE,1948430.215836411,17.435927430066023,78.42379884982718,84508,43372.35,10.72,67.59,61.85,16.25,34.81,61.53,32.12,4.28,198.28,27.12,999.81,45.64,38.91,34.81,29.64,41.51,60.07,HIGH,SYNTHETIC_PROTOTYPE,2026-09-14 14:00,MODERATE
95,95-JUBILEE HILLS,18-JUBILEE HILLS,KHAIRATHABAD ZONE,8789084.776584668,17.426363950657468,78.41075827941735,75178,8553.56,12.35,32.13,52.0,31.49,31.07,65.67,28.67,5.44,450.61,24.2,991.38,93.28,36.22,31.07,26.73,40.0,51.44,HIGH,SYNTHETIC_PROTOTYPE,2026-09-14 14:00,MODERATE
50,50-BEGUM BAZAR,14-GOSHAMAHAL,KHAIRATHABAD ZONE,1569636.4031923132,17.37496145431687,78.47263546632254,20324,12948.22,12.12,10.0,60.37,39.98,34.51,59.21,31.65,4.41,829.59,26.35,990.73,0.0,36.92,34.51,29.89,34.22,60.92,HIGH,SYNTHETIC_PROTOTYPE,2026-09-14 14:00,MODERATE
78,78-GUNFOUNDRY(Abids),14-GOSHAMAHAL,KHAIRATHABAD ZONE,3217370.655175054,17.39331042081638,78.47865786086008,33673,10466.0,7.7,57.46,75.69,16.49,30.81,59.31,27.96,3.16,150.0,22.67,997.3,41.48,39.23,30.81,25.89,29.76,45.01,MODERATE,SYNTHETIC_PROTOTYPE,2026-09-14 14:00,MODERATE
65,65-KARWAN,13-KARWAN,KHAIRATHABAD ZONE,1889314.853227196,17.376180135283082,78.43721274195356,73052,38665.87,11.82,28.59,41.38,16.9,31.26,66.24,28.9,5.05,560.92,24.51,999.94,19.8,38.5,31.26,27.04,36.51,52.68,HIGH,SYNTHETIC_PROTOTYPE,2026-09-14 14:00,MODERATE
2,2-DR.A.S.RAO NAGAR,1-KAPRA,L.B.NAGAR ZONE,4661705.312791604,17.481016756813563,78.57007346105352,21906,4699.14,12.3,36.51,78.84,25.77,31.73,57.41,28.75,4.17,419.4,23.21,995.2,46.55,37.32,31.73,26.89,31.47,49.26,MODERATE,SYNTHETIC_PROTOTYPE,2026-09-14 14:00,MODERATE
4,4-MEERPET H.B.COLONY,1-KAPRA,L.B.NAGAR ZONE,3014512.1786993383,17.455385016959326,78.57114771494594,75329,24988.79,20.31,53.33,58.84,19.05,37.36,50.71,33.91,4.0,756.78,27.5,988.57,35.93,39.66,37.36,31.96,49.82,69.19,HIGH,SYNTHETIC_PROTOTYPE,2026-09-14 14:00,MODERATE
1,1-KAPRA,1-KAPRA,L.B.NAGAR ZONE,8954194.17673768,17.49575730682433,78.5610226165257,36852,4115.61,18.07,12.57,87.51,33.42,32.7,53.86,29.47,6.21,505.23,23.47,988.2,50.24,38.12,32.7,27.68,31.71,50.13,HIGH,SYNTHETIC_PROTOTYPE,2026-09-14 14:00,MODERATE
94,94-SHAIKPET,18-JUBILEE HILLS,KHAIRATHABAD ZONE,4407255.882281858,17.40333508507091,78.40165704436797,79482,18034.35,8.51,17.48,27.3,3.0,29.59,64.34,27.09,0.5,688.67,22.45,987.86,58.51,32.34,31.48,25.57,26.55,47.8,MODERATE,SYNTHETIC_PROTOTYPE,2026-09-14 14:00,MODERATE
64,64-DATTATHREYA NAGAR,14-GOSHAMAHAL,KHAIRATHABAD ZONE,680264.1277382444,17.376443208132148,78.4514869933846,37670,55375.55,10.49,12.58,54.63,12.08,32.94,58.03,30.0,1.87,716.13,24.54,986.16,38.85,40.86,33.46,28.3,25.08,56.07,HIGH,SYNTHETIC_PROTOTYPE,2026-09-14 14:00,MODERATE
154,69-NANALNAGAR,13-KARWAN,KHAIRATHABAD ZONE,3025390.354795703,17.398206905121093,78.42660223021063,47099,15567.91,6.38,23.88,39.33,12.61,30.28,61.4,27.57,2.22,932.16,22.56,995.55,57.64,36.89,30.78,26.29,26.45,49.61,MODERATE,SYNTHETIC_PROTOTYPE,2026-09-14 14:00,MODERATE
